Aberdeen,Earl
Earl,Division
johnson,division
Johnson,Division
Division,Elm
Alfred,Mack
University,Garrett
Aberdeen,Earl
University,Brock
University,Johnson
Union,Albert
Princess, Division
Albert Street,Bader Lane
Barrie,Brock
princess,clergy
Brock,Alfred
University,Bader Lane
Princess,Division
johnson,albert
University,Johnson
University,Union
Princess,Bagot
University,Earl
Barrie St, Princess
Union,University
University,Johnson
Stuart,Albert
Princess,University
Bader Lane,Albert Street
Earl,University
collingwood,couper
Princess,Clergy
Brock,University
University,Earl
Brock,University
Union st,Albert st
Division,Princess
Earl,Alfred
Brock st.,University st.
princess,barrie
brock,university
Barrie,Johnson
Johnson,Earl
University,Princess
Johnson,Victoria
barrie,brock
Johnson,University
Brock,University
Johnson,Albert
Division Street,Princess Street
Princess,Division
Division st,Brock st
University,Earl
Division St,Johnson St
Earl,Frontenac
Union,University
Aberdeen,Earl
University,Earl
Princess,Division
Union,University
Princess, Union
bagot,princess
Princess,Frontenac
University,Union
Aberdeen,Division
Princess,Union
University Ave,Princess St
Alfred,Earl
Earl,Barrie
University,Princess
Division,Johnson
Garrett,University
Johnson,University
Brock,Clergy
Collingwood,Queen's Crescent
Johnson,Albert
Princess,Alfred
University,Johnson
Princess,Division
Collingwood,Earl
Brock,University
Union,University
University,Johnson
Alfred,Union
Alfred,Earl
Division,Princess
University Ave.,Brock
University Ave,Johnson st
Bader Lane,University Avenue
Brock St,Frontenac St
University,Brock
Aberdeen,Johnson
university,earl
Division,Johnson
division,princess
University,Division
University,Earl
University,princess
Montreal,Queen
Brock,Clergy
Brock,ALbert
university,brock
University,Johnson
Aberdeen,William
Earl,Frontenac
brock,university
Brock,Victoria
Sydenham,Princess
Princess,Division
Aberdeen,johnson
Johnson,Division
Johson,Division
Princess,division
University,
Princess,Clergy
princess,albert
University,Princess
University,Union
Union,University
earl,division
University,Brock
Victoria,Union
Johnson St,
Princess,Divison
Princess St.,Albert St.
Princess,University
Princess,Barrie
Earl,Divison
University,Johnson
Division,Earl
Earl,Albert
Brock st.,University
earl,division
brock,division
Johnson,University
Princess,Johnson
Division,Princess
Aberdeen,William
Johnson,Division
Johnson,University
Earl Street,Aberdeen Street
Division st,Princess st
Barrie St.,Johnson St.
University,Earl
University,Earl
Brock,University
Princess,Division
Princess,division
alfred,brock
Union St W,Barrie St
Earl,University
Brock,Division
Earl,Albert
University,Queen's Crescent
Johnson,University
Alfred,Mack
Barrie,Princess
Univeristy,Brock
Albert street,
Princess,King st.
Earl,University
University,Union
University Ave.,Johnson
University Ave,Earl st
Brock St,Alfred St
University,Johnson
Union,Young
earl,frontenac
Alfred,University
Division,Brock
Brock,Division
Princess,Gardiners
princess,
University,Brock
Johnson,Division
Earl,Aberdeen
Princess,Division
Princess,University
Brock,Division
Princess,Division
johnson,earl
Princess,Division
University,Brock
Earl,Division
University,William
Montreal,Queen
Albert St,
Princess,Division
Aberdeen,
Johnson,Albert
Colborne,University
University,Earl
uni,earl
Brock,University
Princess,Sydenham
Brock,Alfred
William,Barrie
Princess,Divison
Princess Street,Johnson Street
University,Brock st.
Princess,Division
Princess,Division
Princess,Division
William St,Aberdeen St
Brock,University
Princess,Bagot
Johnson,Division
University,Brock
University,Garrett
University,Johnson
University,Earl
Johnson,Albert
University,Princess
Division st,Johnson st
Brock St,Division St
Aberdeen,Johnson
University,Brock
Albert,Brock
Earl,Aberdeen
Princess,University
Princess,Sydenham
Johnson,Aberdeen
Princess,Barrie
Brock,Barrie
Albert,Johnson
collingwood,earl
Earl,University
Clark Hall,
University,William
Bagot,Earl
Earl,Division
University,Brock
University,Princess
princess,
Johnson,Division
Alfred,Johnson
Johnson,University
Brock Street,Barrie Street
Princess,Division
University,King
University,Brock
Division St.,Princess
University Ave,Brock st
Brock St,University St
Earl,Aberdeen
Aberdeen,William
Brock,University
University,Brock
Division,Elm
University,Brock
Collingwood,Union
Albert,Johnson
Division,Queen
University,Brock
Division,Princess
Princess,Division
Princess st,University Ave
Princess St,Alfred St
Princess,Division
Johnson,Division
Princess,Division
Princess,Clergy
William,University
Albert,Brock
Division st,Brock st
Princess St,Division St
Princess,University
Aberdeen,Johnson